WarNum,WarName,WarType,ccode,StateName,Side,StartDate,StartMonth1,StartDay1,StartYear1,Finish Date,EndMonth1,EndDay1,EndYear1,StartMonth2,StartDay2,StartYear2,EndMonth2,EndDay2,EndYear2,TransFrom,WhereFought,Initiator,Outcome,TransTo,BatDeath,Version
1,Franco-Spanish War,1,230,Spain,2,1823/04/07,4,7,1823,1823/11/13,11,13,1823,-8,-8,-8,-8,-8,-8,503,2,2,2,-8,600,4
1,Franco-Spanish War,1,220,France,1,1823/04/07,4,7,1823,1823/11/13,11,13,1823,-8,-8,-8,-8,-8,-8,503,2,1,1,-8,400,4
4,First Russo-Turkish War,1,640,Ottoman Empire,2,1828/04/26,4,26,1828,1829/09/14,9,14,1829,-8,-8,-8,-8,-8,-8,506,11,2,2,-8,80000,4
4,First Russo-Turkish War,1,365,Russia,1,1828/04/26,4,26,1828,1829/09/14,9,14,1829,-8,-8,-8,-8,-8,-8,506,11,1,1,-8,50000,4
7,Mexican-American War,1,70,Mexico,2,1846/04/25,4,25,1846,1847/09/14,9,14,1847,-8,-8,-8,-8,-8,-8,-8,1,2,2,-8,6000,4
7,Mexican-American War,1,2,United States of America,1,1846/04/25,4,25,1846,1847/09/14,9,14,1847,-8,-8,-8,-8,-8,-8,-8,1,1,1,-8,13283,4
10,Austro-Sardinian War,1,337,Tuscany,2,1848/03/29,3,29,1848,1848/08/09,8,9,1848,-8,-8,-8,-8,-8,-8,-8,2,2,2,-8,100,4
10,Austro-Sardinian War,1,325,Italy,2,1848/03/24,3,24,1848,1848/08/09,8,9,1848,3,12,1849,3,30,1849,551,2,1,2,-8,3400,4
10,Austro-Sardinian War,1,300,Austria,1,1848/03/24,3,24,1848,1848/08/09,8,9,1848,3,12,1849,3,30,1849,551,2,2,1,-8,3927,4
10,Austro-Sardinian War,1,332,Modena,2,1848/04/09,4,9,1848,1848/08/09,8,9,1848,-8,-8,-8,-8,-8,-8,-8,2,2,2,-8,100,4
13,First Schleswig-Holstein War,1,255,Prussia,1,1848/04/10,4,10,1848,1848/08/26,8,26,1848,3,25,1849,7,10,1849,-8,2,1,1,-8,2500,4
13,First Schleswig-Holstein War,1,390,Denmark,2,1848/04/10,4,10,1848,1848/08/26,8,26,1848,3,25,1849,7,10,1849,-8,2,2,2,-8,3500,4
16,Roman Republic War,1,220,France,1,1849/04/30,4,30,1849,1849/07/02,7,2,1849,-8,-8,-8,-8,-8,-8,-8,2,1,1,-8,1000,4
16,Roman Republic War,1,329,Two Sicilies,1,1849/05/08,5,8,1849,1849/07/02,7,2,1849,-8,-8,-8,-8,-8,-8,-8,2,2,1,-8,100,4
16,Roman Republic War,1,300,Austria,1,1849/05/08,5,8,1849,1849/07/02,7,2,1849,-8,-8,-8,-8,-8,-8,-8,2,2,1,-8,100,4
16,Roman Republic War,1,327,Papal States,2,1849/04/30,4,30,1849,1849/07/02,7,2,1849,-8,-8,-8,-8,-8,-8,-8,2,2,2,-8,1400,4
19,La Plata War,1,160,Argentina,2,1851/07/19,7,19,1851,1852/02/03,2,3,1852,-8,-8,-8,-8,-8,-8,327,1,2,2,-8,800,4
19,La Plata War,1,140,Brazil,1,1851/07/19,7,19,1851,1852/02/03,2,3,1852,-8,-8,-8,-8,-8,-8,327,1,1,1,-8,500,4
22,Crimean War,1,640,Turkey,1,1853/10/23,10,23,1853,1856/03/01,3,1,1856,-8,-8,-8,-8,-8,-8,-8,2,1,1,-8,45000,4
22,Crimean War,1,365,Russia,2,1853/10/23,10,23,1853,1856/03/01,3,1,1856,-8,-8,-8,-8,-8,-8,-8,2,2,2,-8,100000,4
22,Crimean War,1,220,France,1,1854/03/31,3,31,1854,1856/03/01,3,1,1856,-8,-8,-8,-8,-8,-8,-8,2,2,1,-8,95000,4
22,Crimean War,1,200,United Kingdom,1,1854/03/31,3,31,1854,1856/03/01,3,1,1856,-8,-8,-8,-8,-8,-8,-8,2,2,1,-8,22000,4
22,Crimean War,1,325,Italy,1,1855/01/10,1,10,1855,1856/03/01,3,1,1856,-8,-8,-8,-8,-8,-8,-8,2,2,1,-8,2200,4
25,Anglo-Persian War,1,200,United Kingdom,1,1856/10/25,10,25,1856,1857/04/05,4,5,1857,-8,-8,-8,-8,-8,-8,-8,6,1,1,-8,500,4
25,Anglo-Persian War,1,630,Iran,2,1856/10/25,10,25,1856,1857/04/05,4,5,1857,-8,-8,-8,-8,-8,-8,-8,6,2,2,-8,1500,4
28,Italian Unification,1,325,Sardinia/Piedmont,1,1859/04/29,4,29,1859,1859/07/12,7,12,1859,-8,-8,-8,-8,-8,-8,-8,2,2,1,-8,2500,4
28,Italian Unification,1,300,Austria,2,1859/04/29,4,29,1859,1859/07/12,7,12,1859,-8,-8,-8,-8,-8,-8,-8,2,1,2,-8,12500,4
28,Italian Unification,1,220,France,1,1859/05/03,5,3,1859,1859/07/12,7,12,1859,-8,-8,-8,-8,-8,-8,-8,2,2,1,-8,7500,4
31,First Spanish-Moroccan War,1,600,Morocco,2,1859/10/22,10,22,1859,1860/03/25,3,25,1860,-8,-8,-8,-8,-8,-8,-8,6,2,2,-8,6000,4
31,First Spanish-Moroccan War,1,230,Spain,1,1859/10/22,10,22,1859,1860/03/25,3,25,1860,-8,-8,-8,-8,-8,-8,-8,6,1,1,-8,4000,4
34,Italian-Roman War,1,325,Sardinia/Piedmont,1,1860/09/11,9,11,1860,1860/09/29,9,29,1860,-8,-8,-8,-8,-8,-8,-8,2,1,1,-8,300,4
34,Italian-Roman War,1,327,Papal States,2,1860/09/11,9,11,1860,1860/09/29,9,29,1860,-8,-8,-8,-8,-8,-8,-8,2,2,2,-8,700,4
37,Neapolitan War,1,329,Two Sicilies,2,1860/10/15,10,15,1860,1861/02/13,2,13,1861,-8,-8,-8,-8,-8,-8,352,2,2,2,-8,400,4
37,Neapolitan War,1,325,Sardinia/Piedmont,1,1860/10/15,10,15,1860,1861/02/13,2,13,1861,-8,-8,-8,-8,-8,-8,352,2,1,1,-8,600,4
40,Franco-Mexican War,1,70,Mexico,1,1862/04/16,4,16,1862,1867/02/05,2,5,1867,-8,-8,-8,-8,-8,-8,557,1,2,4,587,12000,4
40,Franco-Mexican War,1,220,France,2,1862/04/16,4,16,1862,1867/02/05,2,5,1867,-8,-8,-8,-8,-8,-8,557,1,1,4,587,8000,4
43,Ecuadorian-Colombian War,1,100,Colombia,1,1863/11/22,11,22,1863,1863/12/06,12,6,1863,-8,-8,-8,-8,-8,-8,-8,1,1,1,-8,300,4
43,Ecuadorian-Colombian War,1,130,Ecuador,2,1863/11/22,11,22,1863,1863/12/06,12,6,1863,-8,-8,-8,-8,-8,-8,-8,1,2,2,-8,700,4
46,Second Schleswig-Holstein War,1,255,Germany,1,1864/02/01,2,1,1864,1864/04/25,4,25,1864,6,25,1864,7,20,1864,-8,2,1,1,-8,1048,4
46,Second Schleswig-Holstein War,1,390,Denmark,2,1864/02/01,2,1,1864,1864/04/25,4,25,1864,6,25,1864,7,20,1864,-8,2,2,2,-8,2933,4
46,Second Schleswig-Holstein War,1,300,Austria,1,1864/02/01,2,1,1864,1864/04/25,4,25,1864,6,25,1864,7,20,1864,-8,2,2,1,-8,500,4
49,Lopez War,1,150,Paraguay,2,1864/11/12,11,12,1864,1870/03/01,3,1,1870,-8,-8,-8,-8,-8,-8,-8,1,1,2,-8,200000,4
49,Lopez War,1,140,Brazil,1,1864/11/12,11,12,1864,1870/03/01,3,1,1870,-8,-8,-8,-8,-8,-8,-8,1,2,1,-8,100000,4
49,Lopez War,1,160,Argentina,1,1865/03/05,3,5,1865,1870/03/01,3,1,1870,-8,-8,-8,-8,-8,-8,-8,1,2,1,-8,10000,4
52,Naval War,1,155,Chile,1,1865/09/25,9,25,1865,1866/05/09,5,9,1866,-8,-8,-8,-8,-8,-8,-8,1,2,1,-8,100,4
52,Naval War,1,230,Spain,2,1865/09/25,9,25,1865,1866/05/09,5,9,1866,-8,-8,-8,-8,-8,-8,-8,1,1,2,-8,300,4
52,Naval War,1,135,Peru,1,1866/01/14,1,14,1866,1866/05/09,5,9,1866,-8,-8,-8,-8,-8,-8,-8,1,2,1,-8,600,4
55,Seven Weeks' War,1,325,Italy,1,1866/06/20,6,20,1866,1866/07/26,7,26,1866,-8,-8,-8,-8,-8,-8,-8,2,2,1,-8,4000,4
55,Seven Weeks' War,1,275,Hesse Grand Ducal,2,1866/06/15,6,15,1866,1866/07/26,7,26,1866,-8,-8,-8,-8,-8,-8,-8,2,2,2,-8,100,4
55,Seven Weeks' War,1,271,Wuerttemburg,2,1866/06/15,6,15,1866,1866/07/26,7,26,1866,-8,-8,-8,-8,-8,-8,-8,2,2,2,-8,100,4
55,Seven Weeks' War,1,245,Bavaria,2,1866/06/15,6,15,1866,1866/07/26,7,26,1866,-8,-8,-8,-8,-8,-8,-8,2,2,2,-8,500,4
55,Seven Weeks' War,1,300,Austria,2,1866/06/15,6,15,1866,1866/07/26,7,26,1866,-8,-8,-8,-8,-8,-8,-8,2,2,2,-8,28000,4
55,Seven Weeks' War,1,255,Germany,1,1866/06/15,6,15,1866,1866/07/26,7,26,1866,-8,-8,-8,-8,-8,-8,-8,2,1,1,-8,10000,4
55,Seven Weeks' War,1,280,Mecklenburg Schwerin,1,1866/06/15,6,15,1866,1866/07/26,7,26,1866,-8,-8,-8,-8,-8,-8,-8,2,2,1,-8,100,4
55,Seven Weeks' War,1,273,Hesse Electoral,2,1866/06/15,6,15,1866,1866/07/26,7,26,1866,-8,-8,-8,-8,-8,-8,-8,2,2,2,-8,100,4
55,Seven Weeks' War,1,269,Saxony,2,1866/06/15,6,15,1866,1866/07/26,7,26,1866,-8,-8,-8,-8,-8,-8,-8,2,2,2,-8,600,4
55,Seven Weeks' War,1,267,Baden,2,1866/06/15,6,15,1866,1866/07/26,7,26,1866,-8,-8,-8,-8,-8,-8,-8,2,2,2,-8,100,4
55,Seven Weeks' War,1,240,Hanover,2,1866/06/15,6,15,1866,1866/06/29,6,29,1866,-8,-8,-8,-8,-8,-8,-8,2,2,2,-8,500,4
58,Franco-Prussian War,1,255,Germany,1,1870/07/19,7,19,1870,1871/02/26,2,26,1871,-8,-8,-8,-8,-8,-8,-8,2,2,1,-8,44781,4
58,Franco-Prussian War,1,220,France,2,1870/07/19,7,19,1870,1871/02/26,2,26,1871,-8,-8,-8,-8,-8,-8,-8,2,1,2,-8,152000,4
58,Franco-Prussian War,1,271,Wuerttemburg,1,1870/07/19,7,19,1870,1870/11/25,11,25,1870,-8,-8,-8,-8,-8,-8,-8,2,2,1,-8,976,4
58,Franco-Prussian War,1,267,Baden,1,1870/07/19,7,19,1870,1870/11/22,11,22,1870,-8,-8,-8,-8,-8,-8,-8,2,2,1,-8,956,4
58,Franco-Prussian War,1,245,Bavaria,1,1870/07/19,7,19,1870,1870/11/15,11,15,1870,-8,-8,-8,-8,-8,-8,-8,2,2,1,-8,5600,4
60,First Central American War,1,90,Guatemala,1,1876/03/27,3,27,1876,1876/04/25,4,25,1876,-8,-8,-8,-8,-8,-8,-8,1,1,1,-8,2000,4
60,First Central American War,1,92,El Salvador,2,1876/03/27,3,27,1876,1876/04/25,4,25,1876,-8,-8,-8,-8,-8,-8,-8,1,2,2,-8,2000,4
61,Second Russo-Turkish War,1,640,Turkey,2,1877/04/24,4,24,1877,1878/01/31,1,31,1878,-8,-8,-8,-8,-8,-8,373,11,2,2,-8,165000,4
61,Second Russo-Turkish War,1,365,Russia,1,1877/04/24,4,24,1877,1878/01/31,1,31,1878,-8,-8,-8,-8,-8,-8,373,11,1,1,-8,120000,4
64,War of the Pacific,1,155,Chile,1,1879/02/14,2,14,1879,1883/12/11,12,11,1883,-8,-8,-8,-8,-8,-8,-8,1,1,1,-8,3276,4
64,War of the Pacific,1,135,Peru,2,1879/04/05,4,5,1879,1883/10/23,10,23,1883,-8,-8,-8,-8,-8,-8,-8,1,2,2,-8,9672,4
64,War of the Pacific,1,145,Bolivia,2,1879/02/14,2,14,1879,1883/12/11,12,11,1883,-8,-8,-8,-8,-8,-8,-8,1,2,2,-8,920,4
65,Conquest of Egypt War,1,651,Egypt,2,1882/07/11,7,11,1882,1882/09/15,9,15,1882,-8,-8,-8,-8,-8,-8,-8,6,2,2,-8,10000,4
65,Conquest of Egypt War,1,200,United Kingdom,1,1882/07/11,7,11,1882,1882/09/15,9,15,1882,-8,-8,-8,-8,-8,-8,-8,6,1,1,-8,79,4
67,Sino-French War,1,220,France,1,1884/06/15,6,15,1884,1885/06/09,6,9,1885,-8,-8,-8,-8,-8,-8,385,7,1,1,-8,2100,4
67,Sino-French War,1,710,China,2,1884/06/15,6,15,1884,1885/06/09,6,9,1885,-8,-8,-8,-8,-8,-8,385,7,2,2,-8,10000,4
70,Second Central American War,1,92,El Salvador,1,1885/03/28,3,28,1885,1885/04/15,4,15,1885,-8,-8,-8,-8,-8,-8,-8,1,2,1,-8,200,4
70,Second Central American War,1,90,Guatemala,2,1885/03/28,3,28,1885,1885/04/15,4,15,1885,-8,-8,-8,-8,-8,-8,-8,1,1,2,-8,800,4
73,First Sino-Japanese War,1,710,China,2,1894/07/25,7,25,1894,1895/03/30,3,30,1895,-8,-8,-8,-8,-8,-8,-8,7,2,2,-8,10000,4
73,First Sino-Japanese War,1,740,Japan,1,1894/07/25,7,25,1894,1895/03/30,3,30,1895,-8,-8,-8,-8,-8,-8,-8,7,1,1,-8,5000,4
76,Greco-Turkish War,1,350,Greece,2,1897/02/15,2,15,1897,1897/05/19,5,19,1897,-8,-8,-8,-8,-8,-8,631,2,1,2,-8,600,4
76,Greco-Turkish War,1,640,Turkey,1,1897/02/15,2,15,1897,1897/05/19,5,19,1897,-8,-8,-8,-8,-8,-8,631,2,2,1,-8,1400,4
79,Spanish-American War,1,230,Spain,2,1898/04/22,4,22,1898,1898/08/12,8,12,1898,-8,-8,-8,-8,-8,-8,"404, 410",13,2,2,-8,775,4
79,Spanish-American War,1,2,United States of America,1,1898/04/22,4,22,1898,1898/08/12,8,12,1898,-8,-8,-8,-8,-8,-8,"404, 410",13,1,1,-8,2910,4
82,Boxer Rebellion,1,365,Russia,1,17-06-00,6,17,1900,14-08-00,8,14,1900,-8,-8,-8,-8,-8,-8,-8,7,1,1,-8,302,4
82,Boxer Rebellion,1,740,Japan,1,17-06-00,6,17,1900,14-08-00,8,14,1900,-8,-8,-8,-8,-8,-8,-8,7,1,1,-8,622,4
82,Boxer Rebellion,1,2,United States of America,1,17-06-00,6,17,1900,14-08-00,8,14,1900,-8,-8,-8,-8,-8,-8,-8,7,1,1,-8,21,4
82,Boxer Rebellion,1,710,China,2,17-06-00,6,17,1900,14-08-00,8,14,1900,-8,-8,-8,-8,-8,-8,-8,7,2,2,-8,2000,4
82,Boxer Rebellion,1,200,United Kingdom,1,17-06-00,6,17,1900,14-08-00,8,14,1900,-8,-8,-8,-8,-8,-8,-8,7,1,1,-8,34,4
82,Boxer Rebellion,1,220,France,1,17-06-00,6,17,1900,14-08-00,8,14,1900,-8,-8,-8,-8,-8,-8,-8,7,1,1,-8,24,4
83,Sino-Russian War,1,365,Russia,1,17-07-00,7,17,1900,10-10-00,10,10,1900,-8,-8,-8,-8,-8,-8,-8,7,1,1,-8,242,4
83,Sino-Russian War,1,710,China,2,17-07-00,7,17,1900,10-10-00,10,10,1900,-8,-8,-8,-8,-8,-8,-8,7,2,2,-8,3758,4
85,Russo-Japanese War,1,740,Japan,1,08-02-04,2,8,1904,15-09-05,9,15,1905,-8,-8,-8,-8,-8,-8,-8,7,1,1,-8,80378,4
85,Russo-Japanese War,1,365,Russia,2,08-02-04,2,8,1904,15-09-05,9,15,1905,-8,-8,-8,-8,-8,-8,-8,7,2,2,-8,71453,4
88,Third Central American War,1,91,Honduras,2,27-05-06,5,27,1906,20-07-06,7,20,1906,-8,-8,-8,-8,-8,-8,-8,1,2,2,-8,300,4
88,Third Central American War,1,92,El Salvador,2,27-05-06,5,27,1906,20-07-06,7,20,1906,-8,-8,-8,-8,-8,-8,-8,1,2,2,-8,300,4
88,Third Central American War,1,90,Guatemala,1,27-05-06,5,27,1906,20-07-06,7,20,1906,-8,-8,-8,-8,-8,-8,-8,1,1,1,-8,400,4
91,Fourth Central American War,1,93,Nicaragua,1,19-02-07,2,19,1907,23-04-07,4,23,1907,-8,-8,-8,-8,-8,-8,-8,1,1,1,-8,400,4
91,Fourth Central American War,1,92,El Salvador,2,19-02-07,2,19,1907,23-04-07,4,23,1907,-8,-8,-8,-8,-8,-8,-8,1,2,2,-8,300,4
91,Fourth Central American War,1,91,Honduras,2,19-02-07,2,19,1907,23-04-07,4,23,1907,-8,-8,-8,-8,-8,-8,-8,1,2,2,-8,300,4
94,Second Spanish-Moroccan War,1,230,Spain,1,07-07-09,7,7,1909,23-03-10,3,23,1910,-8,-8,-8,-8,-8,-8,-8,6,1,1,-8,2000,4
94,Second Spanish-Moroccan War,1,600,Morocco,2,07-07-09,7,7,1909,23-03-10,3,23,1910,-8,-8,-8,-8,-8,-8,-8,6,2,2,-8,8000,4
97,Italian-Turkish War,1,325,Italy,1,29-09-11,9,29,1911,18-10-12,10,18,1912,-8,-8,-8,-8,-8,-8,-8,6,1,1,-8,6000,4
97,Italian-Turkish War,1,640,Turkey,2,29-09-11,9,29,1911,18-10-12,10,18,1912,-8,-8,-8,-8,-8,-8,-8,6,2,2,-8,14000,4
100,First Balkan War,1,640,Turkey,2,17-10-12,10,17,1912,19-04-13,4,19,1913,-8,-8,-8,-8,-8,-8,650,11,2,2,-8,30000,4
100,First Balkan War,1,350,Greece,1,17-10-12,10,17,1912,19-04-13,4,19,1913,-8,-8,-8,-8,-8,-8,650,11,2,1,-8,5000,4
100,First Balkan War,1,355,Bulgaria,1,17-10-12,10,17,1912,03-12-12,12,3,1912,2,3,1913,4,19,1913,650,2,2,1,-8,32000,4
100,First Balkan War,1,345,Yugoslavia,1,17-10-12,10,17,1912,03-12-12,12,3,1912,2,3,1913,4,19,1913,650,11,1,1,-8,15000,4
103,Second Balkan War,1,640,Turkey,1,15-07-13,7,15,1913,30-07-13,7,30,1913,-8,-8,-8,-8,-8,-8,-8,2,2,1,-8,20000,4
103,Second Balkan War,1,345,Yugoslavia,1,30-06-13,6,30,1913,30-07-13,7,30,1913,-8,-8,-8,-8,-8,-8,-8,2,2,1,-8,18500,4
103,Second Balkan War,1,350,Greece,1,30-06-13,6,30,1913,30-07-13,7,30,1913,-8,-8,-8,-8,-8,-8,-8,2,2,1,-8,2500,4
103,Second Balkan War,1,355,Bulgaria,2,30-06-13,6,30,1913,30-07-13,7,30,1913,-8,-8,-8,-8,-8,-8,-8,2,1,2,-8,18000,4
103,Second Balkan War,1,360,Romania,1,11-07-13,7,11,1913,30-07-13,7,30,1913,-8,-8,-8,-8,-8,-8,-8,2,2,1,-8,1500,4
106,World War I,1,345,Yugoslavia,1,29-07-14,7,29,1914,11-11-18,11,11,1918,-8,-8,-8,-8,-8,-8,-8,2,2,1,-8,70000,4
106,World War I,1,200,United Kingdom,1,05-08-14,8,5,1914,11-11-18,11,11,1918,-8,-8,-8,-8,-8,-8,-8,15,2,1,-8,908371,4
106,World War I,1,740,Japan,1,23-08-14,8,23,1914,11-11-18,11,11,1918,-8,-8,-8,-8,-8,-8,-8,7,2,1,-8,300,4
106,World War I,1,640,Turkey,2,28-10-14,10,28,1914,30-10-18,10,30,1918,-8,-8,-8,-8,-8,-8,-8,6,2,2,-8,325000,4
106,World War I,1,211,Belgium,1,04-08-14,8,4,1914,11-11-18,11,11,1918,-8,-8,-8,-8,-8,-8,-8,2,2,1,-8,13716,4
106,World War I,1,255,Germany,2,01-08-14,8,1,1914,11-11-18,11,11,1918,-8,-8,-8,-8,-8,-8,-8,15,2,2,-8,1773700,4
106,World War I,1,300,Austria-Hungary,2,29-07-14,7,29,1914,03-11-18,11,3,1918,-8,-8,-8,-8,-8,-8,-8,2,1,2,-8,1200000,4
106,World War I,1,220,France,1,03-08-14,8,3,1914,11-11-18,11,11,1918,-8,-8,-8,-8,-8,-8,-8,14,2,1,-8,1385000,4
106,World War I,1,365,Russia,1,01-08-14,8,1,1914,05-12-17,12,5,1917,-8,-8,-8,-8,-8,-8,-8,11,2,1,-8,1700000,4
106,World War I,1,355,Bulgaria,2,12-10-15,10,12,1915,29-09-18,9,29,1918,-8,-8,-8,-8,-8,-8,-8,2,2,2,-8,87500,4
106,World War I,1,325,Italy,1,23-05-15,5,23,1915,11-11-18,11,11,1918,-8,-8,-8,-8,-8,-8,-8,2,2,1,-8,650000,4
106,World War I,1,235,Portugal,1,01-03-16,3,1,1916,11-11-18,11,11,1918,-8,-8,-8,-8,-8,-8,-8,2,2,1,-8,7222,4
106,World War I,1,350,Greece,1,29-06-17,6,29,1917,11-11-18,11,11,1918,-8,-8,-8,-8,-8,-8,-8,2,2,1,-8,5000,4
106,World War I,1,360,Romania,1,27-08-16,8,27,1916,09-12-17,12,9,1917,-8,-8,-8,-8,-8,-8,-8,2,2,1,-8,335706,4
106,World War I,1,2,United States of America,1,17-04-17,4,17,1917,11-11-18,11,11,1918,-8,-8,-8,-8,-8,-8,-8,2,2,1,-8,116516,4
107,Estonian Liberation,1,366,Estonia,1,22-11-18,11,22,1918,03-01-20,1,3,1920,-8,-8,-8,-8,-8,-8,-8,2,2,1,-8,3600,4
107,Estonian Liberation,1,375,Finland,1,30-12-18,12,30,1918,03-01-20,1,3,1920,-8,-8,-8,-8,-8,-8,-8,2,2,1,-8,150,4
107,Estonian Liberation,1,365,Russia,2,22-11-18,11,22,1918,03-01-20,1,3,1920,-8,-8,-8,-8,-8,-8,-8,2,1,2,-8,8000,4
108,Latvian Liberation,1,365,Russia,2,02-12-18,12,2,1918,01-02-20,2,1,1920,-8,-8,-8,-8,-8,-8,-8,2,1,2,-8,8000,4
108,Latvian Liberation,1,367,Latvia,1,02-12-18,12,2,1918,01-02-20,2,1,1920,-8,-8,-8,-8,-8,-8,-8,2,2,1,-8,3046,4
108,Latvian Liberation,1,255,Germany,1,07-12-18,12,7,1918,15-04-19,4,15,1919,-8,-8,-8,-8,-8,-8,-8,2,2,8,-8,450,4
108,Latvian Liberation,1,366,Estonia,1,01-01-19,1,1,1919,03-01-20,1,3,1920,-8,-8,-8,-8,-8,-8,-8,2,2,1,-8,1000,4
108,Latvian Liberation,1,255,Germany,2,16-04-19,4,16,1919,13-07-19,7,13,1919,-8,-8,-8,-8,-8,-8,-8,2,2,2,-8,750,4
109,Russo-Polish War,1,365,Russia,2,14-02-19,2,14,1919,18-10-20,10,18,1920,-8,-8,-8,-8,-8,-8,681,2,1,2,-8,60000,4
109,Russo-Polish War,1,290,Poland,1,14-02-19,2,14,1919,18-10-20,10,18,1920,-8,-8,-8,-8,-8,-8,681,2,2,1,-8,40000,4
112,Hungarian Adversaries War,1,310,Hungary,2,16-04-19,4,16,1919,04-08-19,8,4,1919,-8,-8,-8,-8,-8,-8,-8,2,2,2,-8,6000,4
112,Hungarian Adversaries War,1,315,Czechoslovakia,1,26-04-19,4,26,1919,04-08-19,8,4,1919,-8,-8,-8,-8,-8,-8,-8,2,2,1,-8,2000,4
112,Hungarian Adversaries War,1,360,Romania,1,16-04-19,4,16,1919,04-08-19,8,4,1919,-8,-8,-8,-8,-8,-8,-8,2,1,1,-8,3000,4
115,Second Greco-Turkish War,1,640,Turkey,1,05-05-19,5,5,1919,11-10-22,10,11,1922,-8,-8,-8,-8,-8,-8,-8,11,2,1,-8,20000,4
115,Second Greco-Turkish War,1,350,Greece,2,05-05-19,5,5,1919,11-10-22,10,11,1922,-8,-8,-8,-8,-8,-8,-8,11,1,2,-8,30000,4
116,Franco-Turkish War,1,640,Turkey,2,01-11-19,11,1,1919,20-10-21,10,20,1921,-8,-8,-8,-8,-8,-8,-8,6,2,3,-8,35000,4
116,Franco-Turkish War,1,220,France,1,01-11-19,11,1,1919,20-10-21,10,20,1921,-8,-8,-8,-8,-8,-8,-8,6,1,3,-8,5000,4
117,Lithuanian-Polish War,1,368,Lithuania,2,15-07-20,7,15,1920,01-12-20,12,1,1920,-8,-8,-8,-8,-8,-8,-8,2,2,2,-8,500,4
117,Lithuanian-Polish War,1,290,Poland,1,15-07-20,7,15,1920,01-12-20,12,1,1920,-8,-8,-8,-8,-8,-8,-8,2,1,1,-8,500,4
118,Manchurian War,1,365,USSR,1,17-08-29,8,17,1929,03-12-29,12,3,1929,-8,-8,-8,-8,-8,-8,-8,7,1,1,-8,200,4
118,Manchurian War,1,710,China,2,17-08-29,8,17,1929,03-12-29,12,3,1929,-8,-8,-8,-8,-8,-8,-8,7,2,2,-8,3000,4
121,Second Sino-Japanese War,1,740,Japan,1,19-12-31,12,19,1931,22-05-33,5,22,1933,-8,-8,-8,-8,-8,-8,-8,7,1,1,-8,10000,4
121,Second Sino-Japanese War,1,710,China,2,19-12-31,12,19,1931,22-05-33,5,22,1933,-8,-8,-8,-8,-8,-8,-8,7,2,2,-8,50000,4
124,Chaco War,1,145,Bolivia,2,15-06-32,6,15,1932,12-06-35,6,12,1935,-8,-8,-8,-8,-8,-8,-8,1,1,2,-8,56661,4
124,Chaco War,1,150,Paraguay,1,15-06-32,6,15,1932,12-06-35,6,12,1935,-8,-8,-8,-8,-8,-8,-8,1,2,1,-8,36000,4
125,Saudi-Yemeni War,1,670,Saudi Arabia,1,20-03-34,3,20,1934,13-05-34,5,13,1934,-8,-8,-8,-8,-8,-8,-8,6,1,1,-8,100,4
125,Saudi-Yemeni War,1,678,Yemen Arab Republic,2,20-03-34,3,20,1934,13-05-34,5,13,1934,-8,-8,-8,-8,-8,-8,-8,6,2,2,-8,2000,4
127,Conquest of Ethiopia,1,325,Italy,1,03-10-35,10,3,1935,09-05-36,5,9,1936,-8,-8,-8,-8,-8,-8,-8,4,1,1,-8,4000,4
127,Conquest of Ethiopia,1,530,Ethiopia,2,03-10-35,10,3,1935,09-05-36,5,9,1936,-8,-8,-8,-8,-8,-8,-8,4,2,2,-8,16000,4
130,Third Sino-Japanese War,1,710,China,2,07-07-37,7,7,1937,06-12-41,12,6,1941,-8,-8,-8,-8,-8,-8,-8,7,2,2,-8,750000,4
130,Third Sino-Japanese War,1,740,Japan,1,07-07-37,7,7,1937,06-12-41,12,6,1941,-8,-8,-8,-8,-8,-8,-8,7,1,1,-8,250000,4
133,Changkufeng Incident,1,365,USSR,2,29-07-38,7,29,1938,11-08-38,8,11,1938,-8,-8,-8,-8,-8,-8,-8,7,2,1,-8,1200,4
133,Changkufeng Incident,1,740,Japan,1,29-07-38,7,29,1938,11-08-38,8,11,1938,-8,-8,-8,-8,-8,-8,-8,7,1,2,-8,526,4
136,Nomonhan,1,365,USSR,1,11-05-39,5,11,1939,16-09-39,9,16,1939,-8,-8,-8,-8,-8,-8,-8,7,2,1,-8,5000,4
136,Nomonhan,1,712,Mongolia,1,11-05-39,5,11,1939,16-09-39,9,16,1939,-8,-8,-8,-8,-8,-8,-8,7,2,1,-8,3000,4
136,Nomonhan,1,740,Japan,2,11-05-39,5,11,1939,16-09-39,9,16,1939,-8,-8,-8,-8,-8,-8,-8,7,1,2,-8,20000,4
139,World War II,1,20,Canada,1,10-09-39,9,10,1939,14-08-45,8,14,1945,-8,-8,-8,-8,-8,-8,-8,2,2,1,-8,41992,4
139,World War II,1,200,United Kingdom,1,03-09-39,9,3,1939,14-08-45,8,14,1945,-8,-8,-8,-8,-8,-8,-8,15,2,1,-8,418765,4
139,World War II,1,900,Australia,1,03-09-39,9,3,1939,14-08-45,8,14,1945,-8,-8,-8,-8,-8,-8,-8,16,2,1,-8,33826,4
139,World War II,1,920,New Zealand,1,03-09-39,9,3,1939,14-08-45,8,14,1945,-8,-8,-8,-8,-8,-8,-8,16,2,1,-8,12200,4
139,World War II,1,255,Germany,2,01-09-39,9,1,1939,07-05-45,5,7,1945,-8,-8,-8,-8,-8,-8,-8,14,1,2,-8,3500000,4
139,World War II,1,560,South Africa,1,06-09-39,9,6,1939,14-08-45,8,14,1945,-8,-8,-8,-8,-8,-8,-8,4,2,1,-8,8700,4
139,World War II,1,310,Hungary,2,27-06-41,6,27,1941,20-01-45,1,20,1945,-8,-8,-8,-8,-8,-8,-8,2,2,2,-8,136000,4
139,World War II,1,2,United States of America,1,07-12-41,12,7,1941,14-08-45,8,14,1945,-8,-8,-8,-8,-8,-8,-8,19,2,1,-8,405400,4
139,World War II,1,365,USSR,1,22-06-41,6,22,1941,07-05-45,5,7,1945,8,8,1945,8,14,1945,-8,12,2,1,-8,7500000,4
139,World War II,1,740,Japan,2,07-12-41,12,7,1941,14-08-45,8,14,1945,-8,-8,-8,-8,-8,-8,-8,17,2,2,-8,1740000,4
139,World War II,1,710,China,1,07-12-41,12,7,1941,14-08-45,8,14,1945,-8,-8,-8,-8,-8,-8,-8,7,2,1,-8,1350000,4
139,World War II,1,375,Finland,2,25-06-41,6,25,1941,19-09-44,9,19,1944,-8,-8,-8,-8,-8,-8,-8,2,2,2,-8,65000,4
139,World War II,1,325,Italy,2,10-06-40,6,10,1940,02-09-43,9,2,1943,-8,-8,-8,-8,-8,-8,-8,14,2,2,-8,174500,4
139,World War II,1,360,Romania,2,22-06-41,6,22,1941,23-08-44,8,23,1944,-8,-8,-8,-8,-8,-8,-8,2,2,2,-8,290000,4
139,World War II,1,355,Bulgaria,2,13-12-41,12,13,1941,08-09-44,9,8,1944,-8,-8,-8,-8,-8,-8,-8,2,2,2,-8,9000,4
139,World War II,1,325,Italy,1,18-10-43,10,18,1943,07-05-45,5,7,1945,-8,-8,-8,-8,-8,-8,-8,14,2,1,-8,52400,4
139,World War II,1,220,France,2,07-07-40,7,7,1940,14-07-41,7,14,1941,-8,-8,-8,-8,-8,-8,-8,2,2,2,-8,2500,4
139,World War II,1,360,Romania,1,09-09-44,9,9,1944,07-05-45,5,7,1945,-8,-8,-8,-8,-8,-8,-8,2,2,1,-8,10000,4
139,World War II,1,355,Bulgaria,1,09-09-44,9,9,1944,07-05-45,5,7,1945,-8,-8,-8,-8,-8,-8,-8,2,2,1,-8,1000,4
139,World War II,1,350,Greece,1,25-10-40,10,25,1940,23-04-41,4,23,1941,-8,-8,-8,-8,-8,-8,-8,2,2,1,-8,18300,4
139,World War II,1,140,Brazil,1,06-07-44,7,6,1944,07-05-45,5,7,1945,-8,-8,-8,-8,-8,-8,-8,2,2,1,-8,1000,4
139,World War II,1,220,France,1,03-09-39,9,3,1939,22-06-40,6,22,1940,10,23,1944,8,14,1945,-8,2,2,1,-8,210824,4
139,World War II,1,211,Belgium,1,10-05-40,5,10,1940,28-05-40,5,28,1940,-8,-8,-8,-8,-8,-8,-8,2,2,1,-8,9600,4
139,World War II,1,345,Yugoslavia,1,06-04-41,4,6,1941,17-04-41,4,17,1941,-8,-8,-8,-8,-8,-8,-8,2,2,1,-8,305000,4
139,World War II,1,385,Norway,1,09-04-40,4,9,1940,09-06-40,6,9,1940,-8,-8,-8,-8,-8,-8,-8,2,2,1,-8,3000,4
139,World War II,1,210,Netherlands,1,10-05-40,5,10,1940,14-05-40,5,14,1940,-8,-8,-8,-8,-8,-8,-8,2,2,1,-8,7900,4
139,World War II,1,290,Poland,1,01-09-39,9,1,1939,27-09-39,9,27,1939,-8,-8,-8,-8,-8,-8,-8,2,2,1,-8,320000,4
139,World War II,1,712,Mongolia,1,10-08-45,8,10,1945,14-08-45,8,14,1945,-8,-8,-8,-8,-8,-8,-8,7,2,1,-8,3000,4
139,World War II,1,530,Ethiopia,1,24-01-41,1,24,1941,03-07-41,7,3,1941,-8,-8,-8,-8,-8,-8,-8,4,2,1,-8,5000,4
142,Russo-Finnish War,1,375,Finland,2,30-11-39,11,30,1939,12-03-40,3,12,1940,-8,-8,-8,-8,-8,-8,-8,2,2,2,-8,24923,4
142,Russo-Finnish War,1,365,USSR,1,30-11-39,11,30,1939,12-03-40,3,12,1940,-8,-8,-8,-8,-8,-8,-8,2,1,1,-8,126875,4
145,Franco-Thai War,1,220,France,2,01-12-40,12,1,1940,28-01-41,1,28,1941,-8,-8,-8,-8,-8,-8,-8,7,2,2,-8,700,4
145,Franco-Thai War,1,800,Thailand,1,01-12-40,12,1,1940,28-01-41,1,28,1941,-8,-8,-8,-8,-8,-8,-8,7,1,1,-8,700,4
147,First Kashmir War,1,750,India,1,26-10-47,10,26,1947,01-01-49,1,1,1949,-8,-8,-8,-8,-8,-8,-8,7,1,6,-8,2500,4
147,First Kashmir War,1,770,Pakistan,2,26-10-47,10,26,1947,01-01-49,1,1,1949,-8,-8,-8,-8,-8,-8,-8,7,2,6,-8,1000,4
148,Arab-Israeli War,1,666,Israel,1,15-05-48,5,15,1948,18-07-48,7,18,1948,10,15,1948,1,7,1949,1572,6,2,1,-8,3000,4
148,Arab-Israeli War,1,651,Egypt,2,15-05-48,5,15,1948,18-07-48,7,18,1948,10,15,1948,1,7,1949,1572,6,2,2,-8,2000,4
148,Arab-Israeli War,1,652,Syria,2,15-05-48,5,15,1948,18-07-48,7,18,1948,10,15,1948,10,31,1948,1572,6,2,2,-8,1000,4
148,Arab-Israeli War,1,660,Lebanon,2,15-05-48,5,15,1948,18-07-48,7,18,1948,10,15,1948,10,31,1948,1572,6,2,2,-8,500,4
148,Arab-Israeli War,1,663,Jordan,2,15-05-48,5,15,1948,18-07-48,7,18,1948,10,15,1948,10,31,1948,1572,6,1,2,-8,1000,4
148,Arab-Israeli War,1,645,Iraq,2,15-05-48,5,15,1948,18-07-48,7,18,1948,10,15,1948,10,31,1948,1572,6,2,2,-8,500,4
151,Korean War,1,710,China,2,27-10-50,10,27,1950,27-07-53,7,27,1953,-8,-8,-8,-8,-8,-8,-8,7,2,6,-8,422612,4
151,Korean War,1,20,Canada,1,19-12-50,12,19,1950,27-07-53,7,27,1953,-8,-8,-8,-8,-8,-8,-8,7,2,6,-8,309,4
151,Korean War,1,200,United Kingdom,1,29-08-50,8,29,1950,27-07-53,7,27,1953,-8,-8,-8,-8,-8,-8,-8,7,2,6,-8,710,4
151,Korean War,1,640,Turkey,1,18-10-50,10,18,1950,27-07-53,7,27,1953,-8,-8,-8,-8,-8,-8,-8,7,2,6,-8,717,4
151,Korean War,1,840,Philippines,1,16-09-50,9,16,1950,27-07-53,7,27,1953,-8,-8,-8,-8,-8,-8,-8,7,2,6,-8,92,4
151,Korean War,1,731,North Korea,2,24-06-50,6,24,1950,27-07-53,7,27,1953,-8,-8,-8,-8,-8,-8,-8,7,1,6,-8,316579,4
151,Korean War,1,900,Australia,1,10-12-50,12,10,1950,27-07-53,7,27,1953,-8,-8,-8,-8,-8,-8,-8,7,2,6,-8,291,4
151,Korean War,1,732,South Korea,1,24-06-50,6,24,1950,27-07-53,7,27,1953,-8,-8,-8,-8,-8,-8,-8,7,2,6,-8,113248,4
151,Korean War,1,2,United States of America,1,27-06-50,6,27,1950,27-07-53,7,27,1953,-8,-8,-8,-8,-8,-8,-8,7,2,6,-8,54487,4
151,Korean War,1,211,Belgium,1,20-01-51,1,20,1951,27-07-53,7,27,1953,-8,-8,-8,-8,-8,-8,-8,7,2,6,-8,97,4
151,Korean War,1,100,Colombia,1,06-06-51,6,6,1951,27-07-53,7,27,1953,-8,-8,-8,-8,-8,-8,-8,7,2,6,-8,140,4
151,Korean War,1,210,Netherlands,1,20-01-51,1,20,1951,27-07-53,7,27,1953,-8,-8,-8,-8,-8,-8,-8,7,2,6,-8,111,4
151,Korean War,1,350,Greece,1,20-01-51,1,20,1951,27-07-53,7,27,1953,-8,-8,-8,-8,-8,-8,-8,7,2,6,-8,169,4
151,Korean War,1,220,France,1,01-01-51,1,1,1951,27-07-53,7,27,1953,-8,-8,-8,-8,-8,-8,-8,7,2,6,-8,288,4
151,Korean War,1,800,Thailand,1,20-01-51,1,20,1951,27-07-53,7,27,1953,-8,-8,-8,-8,-8,-8,-8,7,2,6,-8,114,4
151,Korean War,1,530,Ethiopia,1,01-05-51,5,1,1951,27-07-53,7,27,1953,-8,-8,-8,-8,-8,-8,-8,7,2,6,-8,120,4
153,Off-shore Islands War,1,710,China,1,03-09-54,9,3,1954,23-04-55,4,23,1955,-8,-8,-8,-8,-8,-8,-8,7,1,1,-8,1003,4
153,Off-shore Islands War,1,713,Taiwan,2,03-09-54,9,3,1954,23-04-55,4,23,1955,-8,-8,-8,-8,-8,-8,-8,7,2,2,-8,1367,4
155,Sinai War,1,220,France,1,31-10-56,10,31,1956,06-11-56,11,6,1956,-8,-8,-8,-8,-8,-8,-8,6,2,1,-8,10,4
155,Sinai War,1,666,Israel,1,29-10-56,10,29,1956,06-11-56,11,6,1956,-8,-8,-8,-8,-8,-8,-8,6,1,1,-8,189,4
155,Sinai War,1,651,Egypt,2,29-10-56,10,29,1956,06-11-56,11,6,1956,-8,-8,-8,-8,-8,-8,-8,6,2,2,-8,3000,4
155,Sinai War,1,200,United Kingdom,1,31-10-56,10,31,1956,06-11-56,11,6,1956,-8,-8,-8,-8,-8,-8,-8,6,2,1,-8,22,4
156,Soviet Invasion of Hungary,1,310,Hungary,2,04-11-56,11,4,1956,14-11-56,11,14,1956,-8,-8,-8,-8,-8,-8,-8,2,2,2,-8,926,4
156,Soviet Invasion of Hungary,1,365,USSR,1,04-11-56,11,4,1956,14-11-56,11,14,1956,-8,-8,-8,-8,-8,-8,-8,2,1,1,-8,1500,4
158,IfniWar,1,230,Spain,1,21-11-57,11,21,1957,10-04-58,4,10,1958,-8,-8,-8,-8,-8,-8,-8,6,2,1,-8,122,4
158,IfniWar,1,600,Morocco,2,21-11-57,11,21,1957,10-04-58,4,10,1958,-8,-8,-8,-8,-8,-8,-8,6,1,2,-8,1000,4
158,IfniWar,1,220,France,1,10-02-58,2,10,1958,10-04-58,4,10,1958,-8,-8,-8,-8,-8,-8,-8,6,2,1,-8,0,4
159,Taiwan Straits,1,710,China (PRC),1,23-08-58,8,23,1958,23-11-58,11,23,1958,-8,-8,-8,-8,-8,-8,-8,7,1,6,-8,300,4
159,Taiwan Straits,1,713,Taiwan (ROC),2,23-08-58,8,23,1958,23-11-58,11,23,1958,-8,-8,-8,-8,-8,-8,-8,7,2,6,-8,1500,4
160,Assam,1,750,India,2,20-10-62,10,20,1962,22-11-62,11,22,1962,-8,-8,-8,-8,-8,-8,-8,7,2,2,-8,1353,4
160,Assam,1,710,China (PRC),1,20-10-62,10,20,1962,22-11-62,11,22,1962,-8,-8,-8,-8,-8,-8,-8,7,1,1,-8,500,4
163,"Vietnam War, Phase 2",1,817,South Vietnam,2,07-02-65,2,7,1965,30-04-75,4,30,1975,-8,-8,-8,-8,-8,-8,748,7,2,2,-8,254257,4
163,"Vietnam War, Phase 2",1,816,Vietnam,1,07-02-65,2,7,1965,30-04-75,4,30,1975,-8,-8,-8,-8,-8,-8,748,7,2,1,-8,700000,4
163,"Vietnam War, Phase 2",1,2,United States of America,2,07-02-65,2,7,1965,27-01-73,1,27,1973,-8,-8,-8,-8,-8,-8,748,7,1,2,-8,58153,4
163,"Vietnam War, Phase 2",1,732,South Korea,2,01-05-65,5,1,1965,28-01-73,1,28,1973,-8,-8,-8,-8,-8,-8,748,7,2,2,-8,4687,4
163,"Vietnam War, Phase 2",1,840,Philippines,2,01-10-66,10,1,1966,28-01-73,1,28,1973,-8,-8,-8,-8,-8,-8,748,7,2,2,-8,1000,4
163,"Vietnam War, Phase 2",1,900,Australia,2,07-02-65,2,7,1965,20-12-72,12,20,1972,-8,-8,-8,-8,-8,-8,748,7,2,2,-8,494,4
163,"Vietnam War, Phase 2",1,800,Thailand,2,01-10-67,10,1,1967,28-01-73,1,28,1973,-8,-8,-8,-8,-8,-8,748,7,2,2,-8,351,4
163,"Vietnam War, Phase 2",1,811,Cambodia,2,01-03-70,3,1,1970,17-04-75,4,17,1975,-8,-8,-8,-8,-8,-8,748,7,2,2,-8,2500,4
166,Second Kashmir War,1,750,India,2,05-08-65,8,5,1965,23-09-65,9,23,1965,-8,-8,-8,-8,-8,-8,-8,7,2,2,-8,3261,4
166,Second Kashmir War,1,770,Pakistan,1,05-08-65,8,5,1965,23-09-65,9,23,1965,-8,-8,-8,-8,-8,-8,-8,7,1,1,-8,3800,4
169,Six Day War,1,666,Israel,1,05-06-67,6,5,1967,10-06-67,6,10,1967,-8,-8,-8,-8,-8,-8,-8,6,1,1,-8,1000,4
169,Six Day War,1,651,Egypt,2,05-06-67,6,5,1967,10-06-67,6,10,1967,-8,-8,-8,-8,-8,-8,-8,6,2,2,-8,10000,4
169,Six Day War,1,663,Jordan,2,05-06-67,6,5,1967,10-06-67,6,10,1967,-8,-8,-8,-8,-8,-8,-8,6,2,2,-8,6100,4
169,Six Day War,1,652,Syria,2,05-06-67,6,5,1967,10-06-67,6,10,1967,-8,-8,-8,-8,-8,-8,-8,6,2,2,-8,2500,4
170,"Second Laotian War, Phase 2",1,2,United States of America,2,13-01-68,1,13,1968,17-04-73,4,17,1973,-8,-8,-8,-8,-8,-8,756,7,2,2,-8,375,4
170,"Second Laotian War, Phase 2",1,812,Laos,2,13-01-68,1,13,1968,17-04-73,4,17,1973,-8,-8,-8,-8,-8,-8,756,7,2,2,-8,11250,4
170,"Second Laotian War, Phase 2",1,816,Vietnam,1,13-01-68,1,13,1968,17-04-73,4,17,1973,-8,-8,-8,-8,-8,-8,756,7,1,1,-8,2250,4
170,"Second Laotian War, Phase 2",1,800,Thailand,2,17-03-70,3,17,1970,17-04-73,4,17,1973,-8,-8,-8,-8,-8,-8,756,7,2,2,-8,-9,4
172,War of Attrition,1,651,Egypt,2,06-03-69,3,6,1969,07-08-70,8,7,1970,-8,-8,-8,-8,-8,-8,-8,6,1,6,-8,5000,4
172,War of Attrition,1,666,Israel,1,06-03-69,3,6,1969,07-08-70,8,7,1970,-8,-8,-8,-8,-8,-8,-8,6,2,6,-8,368,4
175,Football War,1,91,Honduras,2,14-07-69,7,14,1969,18-07-69,7,18,1969,-8,-8,-8,-8,-8,-8,-8,1,2,2,-8,1200,4
175,Football War,1,92,El Salvador,1,14-07-69,7,14,1969,18-07-69,7,18,1969,-8,-8,-8,-8,-8,-8,-8,1,1,1,-8,700,4
176,Communist Coalition,1,816,Vietnam,1,23-03-70,3,23,1970,02-07-71,7,2,1971,-8,-8,-8,-8,-8,-8,-8,7,1,4,785,400,4
176,Communist Coalition,1,2,United States of America,2,01-05-70,5,1,1970,02-07-71,7,2,1971,-8,-8,-8,-8,-8,-8,-8,7,2,4,785,125,4
176,Communist Coalition,1,811,Cambodia,2,23-03-70,3,23,1970,02-07-71,7,2,1971,-8,-8,-8,-8,-8,-8,-8,7,2,4,785,5000,4
176,Communist Coalition,1,817,South Vietnam,2,01-05-70,5,1,1970,02-07-71,7,2,1971,-8,-8,-8,-8,-8,-8,-8,7,2,4,785,1000,4
178,Bangladesh War,1,750,India,1,03-12-71,12,3,1971,17-12-71,12,17,1971,-8,-8,-8,-8,-8,-8,782,7,2,1,-8,3241,4
178,Bangladesh War,1,770,Pakistan,2,03-12-71,12,3,1971,17-12-71,12,17,1971,-8,-8,-8,-8,-8,-8,782,7,1,2,-8,7982,4
181,Yom Kippur War,1,651,Egypt,2,06-10-73,10,6,1973,24-10-73,10,24,1973,-8,-8,-8,-8,-8,-8,-8,6,1,2,-8,7700,4
181,Yom Kippur War,1,670,Saudi Arabia,2,10-10-73,10,10,1973,24-10-73,10,24,1973,-8,-8,-8,-8,-8,-8,-8,6,2,2,-8,100,4
181,Yom Kippur War,1,666,Israel,1,06-10-73,10,6,1973,24-10-73,10,24,1973,-8,-8,-8,-8,-8,-8,-8,6,2,1,-8,2838,4
181,Yom Kippur War,1,663,Jordan,2,10-10-73,10,10,1973,24-10-73,10,24,1973,-8,-8,-8,-8,-8,-8,-8,6,2,2,-8,23,4
181,Yom Kippur War,1,652,Syria,2,06-10-73,10,6,1973,24-10-73,10,24,1973,-8,-8,-8,-8,-8,-8,-8,6,1,2,-8,3500,4
181,Yom Kippur War,1,645,Iraq,2,06-10-73,10,6,1973,24-10-73,10,24,1973,-8,-8,-8,-8,-8,-8,-8,6,2,2,-8,278,4
184,Turco-Cypriot War,1,640,Turkey,1,20-07-74,7,20,1974,29-07-74,7,29,1974,8,14,1974,8,16,1974,-8,2,1,1,-8,1000,4
184,Turco-Cypriot War,1,352,Cyprus,2,20-07-74,7,20,1974,29-07-74,7,29,1974,8,14,1974,8,16,1974,-8,2,2,2,-8,500,4
186,War over Angola,1,40,Cuba,1,23-10-75,10,23,1975,12-02-76,2,12,1976,-8,-8,-8,-8,-8,-8,1581,4,2,4,804,1500,4
186,War over Angola,1,560,South Africa,2,23-10-75,10,23,1975,12-02-76,2,12,1976,-8,-8,-8,-8,-8,-8,1581,4,1,4,804,100,4
186,War over Angola,1,490,D. R. of the Congo,2,23-10-75,10,23,1975,12-02-76,2,12,1976,-8,-8,-8,-8,-8,-8,1581,4,2,4,804,100,4
186,War over Angola,1,540,Angola,1,11-11-75,11,11,1975,12-02-76,2,12,1976,-8,-8,-8,-8,-8,-8,1581,4,2,4,804,1000,4
187,"Second Ogaden War, Phase 2",1,530,Ethiopia,1,23-07-77,7,23,1977,09-03-78,3,9,1978,-8,-8,-8,-8,-8,-8,805,4,2,4,808,1800,4
187,"Second Ogaden War, Phase 2",1,40,Cuba,1,23-11-77,11,23,1977,09-03-78,3,9,1978,-8,-8,-8,-8,-8,-8,805,4,2,4,808,700,4
187,"Second Ogaden War, Phase 2",1,520,Somalia,2,23-07-77,7,23,1977,09-03-78,3,9,1978,-8,-8,-8,-8,-8,-8,805,4,1,4,808,8000,4
189,Vietnamese-Cambodian War,1,816,Vietnam,1,24-09-77,9,24,1977,08-01-79,1,8,1979,-8,-8,-8,-8,-8,-8,-8,7,2,4,475,3000,4
189,Vietnamese-Cambodian War,1,811,Cambodia,2,24-09-77,9,24,1977,08-01-79,1,8,1979,-8,-8,-8,-8,-8,-8,-8,7,1,4,475,5000,4
190,Ugandian-Tanzanian War,1,500,Uganda,2,28-10-78,10,28,1978,11-04-79,4,11,1979,-8,-8,-8,-8,-8,-8,-8,4,1,2,-8,1500,4
190,Ugandian-Tanzanian War,1,510,Tanzania,1,28-10-78,10,28,1978,11-04-79,4,11,1979,-8,-8,-8,-8,-8,-8,-8,4,2,1,-8,1000,4
190,Ugandian-Tanzanian War,1,620,Libya,2,01-02-79,2,1,1979,11-04-79,4,11,1979,-8,-8,-8,-8,-8,-8,-8,4,2,2,-8,500,4
193,Sino-Vietnamese Punitive War,1,710,China,1,17-02-79,2,17,1979,16-03-79,3,16,1979,-8,-8,-8,-8,-8,-8,-8,7,1,1,-8,13000,4
193,Sino-Vietnamese Punitive War,1,816,Vietnam,2,17-02-79,2,17,1979,16-03-79,3,16,1979,-8,-8,-8,-8,-8,-8,-8,7,2,2,-8,8000,4
199,Iran-Iraq War,1,645,Iraq,2,22-09-80,9,22,1980,20-08-88,8,20,1988,-8,-8,-8,-8,-8,-8,-8,6,1,6,-8,500000,4
199,Iran-Iraq War,1,630,Iran,1,22-09-80,9,22,1980,20-08-88,8,20,1988,-8,-8,-8,-8,-8,-8,-8,6,2,6,-8,750000,4
202,Falkland Islands War,1,200,United Kingdom,1,25-03-82,3,25,1982,15-06-82,6,15,1982,-8,-8,-8,-8,-8,-8,-8,1,2,1,-8,255,4
202,Falkland Islands War,1,160,Argentina,2,25-03-82,3,25,1982,15-06-82,6,15,1982,-8,-8,-8,-8,-8,-8,-8,1,1,2,-8,746,4
205,War over Lebanon,1,666,Israel,1,21-04-82,4,21,1982,15-09-82,9,15,1982,-8,-8,-8,-8,-8,-8,-8,6,1,6,-8,455,4
205,War over Lebanon,1,652,Syria,2,21-04-82,4,21,1982,15-09-82,9,15,1982,-8,-8,-8,-8,-8,-8,-8,6,2,6,-8,1200,4
207,War over the Aouzou Strip,1,483,Chad,1,15-11-86,11,15,1986,11-09-87,9,11,1987,-8,-8,-8,-8,-8,-8,-8,18,1,1,-8,1000,4
207,War over the Aouzou Strip,1,620,Libya,2,15-11-86,11,15,1986,11-09-87,9,11,1987,-8,-8,-8,-8,-8,-8,-8,18,2,2,-8,7000,4
208,Sino-Vietnamese Border War,1,816,Vietnam,2,05-01-87,1,5,1987,06-02-87,2,6,1987,-8,-8,-8,-8,-8,-8,-8,7,2,6,-8,2200,4
208,Sino-Vietnamese Border War,1,710,China,1,05-01-87,1,5,1987,06-02-87,2,6,1987,-8,-8,-8,-8,-8,-8,-8,7,1,6,-8,1800,4
211,Gulf War,1,690,Kuwait,1,02-08-90,8,2,1990,11-04-91,4,11,1991,-8,-8,-8,-8,-8,-8,-8,6,2,1,-8,1000,4
211,Gulf War,1,645,Iraq,2,02-08-90,8,2,1990,11-04-91,4,11,1991,-8,-8,-8,-8,-8,-8,-8,6,1,2,-8,40000,4
211,Gulf War,1,2,U.S.A.,1,16-01-91,1,16,1991,11-04-91,4,11,1991,-8,-8,-8,-8,-8,-8,-8,6,2,1,-8,376,4
211,Gulf War,1,20,Canada,1,16-01-91,1,16,1991,11-04-91,4,11,1991,-8,-8,-8,-8,-8,-8,-8,6,2,1,-8,0,4
211,Gulf War,1,200,United Kingdom,1,16-01-91,1,16,1991,11-04-91,4,11,1991,-8,-8,-8,-8,-8,-8,-8,6,2,1,-8,24,4
211,Gulf War,1,325,Italy,1,16-01-91,1,16,1991,11-04-91,4,11,1991,-8,-8,-8,-8,-8,-8,-8,6,2,1,-8,0,4
211,Gulf War,1,600,Morocco,1,16-01-91,1,16,1991,11-04-91,4,11,1991,-8,-8,-8,-8,-8,-8,-8,6,2,1,-8,0,4
211,Gulf War,1,651,Egypt,1,16-01-91,1,16,1991,11-04-91,4,11,1991,-8,-8,-8,-8,-8,-8,-8,6,2,1,-8,14,4
211,Gulf War,1,698,Oman,1,16-01-91,1,16,1991,11-04-91,4,11,1991,-8,-8,-8,-8,-8,-8,-8,6,2,1,-8,0,4
211,Gulf War,1,220,France,1,16-01-91,1,16,1991,11-04-91,4,11,1991,-8,-8,-8,-8,-8,-8,-8,6,2,1,-8,2,4
211,Gulf War,1,696,United Arab Emirates,1,16-01-91,1,16,1991,11-04-91,4,11,1991,-8,-8,-8,-8,-8,-8,-8,6,2,1,-8,6,4
211,Gulf War,1,694,Qatar,1,16-01-91,1,16,1991,11-04-91,4,11,1991,-8,-8,-8,-8,-8,-8,-8,6,2,1,-8,0,4
211,Gulf War,1,670,Saudi Arabia,1,16-01-91,1,16,1991,11-04-91,4,11,1991,-8,-8,-8,-8,-8,-8,-8,6,2,1,-8,44,4
211,Gulf War,1,652,Syria,1,16-01-91,1,16,1991,11-04-91,4,11,1991,-8,-8,-8,-8,-8,-8,-8,6,2,1,-8,0,4
215,Bosnian Independence War,1,344,Croatia,1,07-04-92,4,7,1992,13-05-92,5,13,1992,-8,-8,-8,-8,-8,-8,-8,2,2,4,877,500,4
215,Bosnian Independence War,1,346,Bosnia,1,07-04-92,4,7,1992,13-05-92,5,13,1992,-8,-8,-8,-8,-8,-8,-8,2,2,4,877,2850,4
215,Bosnian Independence War,1,345,Yugoslavia,2,07-04-92,4,7,1992,13-05-92,5,13,1992,-8,-8,-8,-8,-8,-8,-8,2,1,4,877,1890,4
216,Azeri-Armenian War,1,373,Azerbaijan,2,06-02-93,2,6,1993,12-05-94,5,12,1994,-8,-8,-8,-8,-8,-8,872,2,2,2,-8,8500,4
216,Azeri-Armenian War,1,371,Armenia,1,06-02-93,2,6,1993,12-05-94,5,12,1994,-8,-8,-8,-8,-8,-8,872,2,1,1,-8,5500,4
217,Cenepa Valley War,1,130,Ecuador,2,09-01-95,1,9,1995,27-02-95,2,27,1995,-8,-8,-8,-8,-8,-8,-8,1,1,3,-8,550,4
217,Cenepa Valley War,1,135,Peru,1,09-01-95,1,9,1995,27-02-95,2,27,1995,-8,-8,-8,-8,-8,-8,-8,1,2,3,-8,950,4
219,Badme Border War,1,531,Eritrea,1,06-05-98,5,6,1998,12-12-00,12,12,2000,-8,-8,-8,-8,-8,-8,-8,4,1,6,-8,50000,4
219,Badme Border War,1,530,Ethiopia,2,06-05-98,5,6,1998,12-12-00,12,12,2000,-8,-8,-8,-8,-8,-8,-8,4,2,6,-8,70000,4
221,War for Kosovo,1,640,Turkey,1,24-03-99,3,24,1999,10-06-99,6,10,1999,-8,-8,-8,-8,-8,-8,900,2,1,1,-8,0,4
221,War for Kosovo,1,325,Italy,1,24-03-99,3,24,1999,10-06-99,6,10,1999,-8,-8,-8,-8,-8,-8,900,2,1,1,-8,0,4
221,War for Kosovo,1,200,United Kingdom,1,24-03-99,3,24,1999,10-06-99,6,10,1999,-8,-8,-8,-8,-8,-8,900,2,1,1,-8,0,4
221,War for Kosovo,1,2,United States of America,1,24-03-99,3,24,1999,10-06-99,6,10,1999,-8,-8,-8,-8,-8,-8,900,2,1,1,-8,2,4
221,War for Kosovo,1,210,Netherlands,1,24-03-99,3,24,1999,10-06-99,6,10,1999,-8,-8,-8,-8,-8,-8,900,2,1,1,-8,0,4
221,War for Kosovo,1,220,France,1,24-03-99,3,24,1999,10-06-99,6,10,1999,-8,-8,-8,-8,-8,-8,900,2,1,1,-8,0,4
221,War for Kosovo,1,345,Yugoslavia,2,24-03-99,3,24,1999,10-06-99,6,10,1999,-8,-8,-8,-8,-8,-8,900,2,2,2,-8,5000,4
221,War for Kosovo,1,255,Germany,1,24-03-99,3,24,1999,10-06-99,6,10,1999,-8,-8,-8,-8,-8,-8,900,2,1,1,-8,0,4
223,Kargil War,1,750,India,1,08-05-99,5,8,1999,17-07-99,7,17,1999,-8,-8,-8,-8,-8,-8,-8,7,2,1,-8,474,4
223,Kargil War,1,770,Pakistan,2,08-05-99,5,8,1999,17-07-99,7,17,1999,-8,-8,-8,-8,-8,-8,-8,7,1,2,-8,698,4
225,Invasion of Afghanistan,1,20,Canada,1,15-11-01,11,15,2001,22-12-01,12,22,2001,-8,-8,-8,-8,-8,-8,851,7,2,4,481,0,4
225,Invasion of Afghanistan,1,220,France,1,21-10-01,10,21,2001,22-12-01,12,22,2001,-8,-8,-8,-8,-8,-8,851,7,2,4,481,0,4
225,Invasion of Afghanistan,1,200,United Kingdom,1,07-10-01,10,7,2001,22-12-01,12,22,2001,-8,-8,-8,-8,-8,-8,851,7,1,4,481,0,4
225,Invasion of Afghanistan,1,2,United States of America,1,07-10-01,10,7,2001,22-12-01,12,22,2001,-8,-8,-8,-8,-8,-8,851,7,1,4,481,2,4
225,Invasion of Afghanistan,1,900,Australia,1,17-10-01,10,17,2001,22-12-01,12,22,2001,-8,-8,-8,-8,-8,-8,851,7,2,4,481,0,4
225,Invasion of Afghanistan,1,700,Afghanistan,2,07-10-01,10,7,2001,22-12-01,12,22,2001,-8,-8,-8,-8,-8,-8,851,7,2,4,481,4000,4
227,Invasion of Iraq,1,900,Australia,1,19-03-03,3,19,2003,02-05-03,5,2,2003,-8,-8,-8,-8,-8,-8,-8,6,1,4,482,0,4
227,Invasion of Iraq,1,200,United Kingdom,1,19-03-03,3,19,2003,02-05-03,5,2,2003,-8,-8,-8,-8,-8,-8,-8,6,1,4,482,33,4
227,Invasion of Iraq,1,2,United States of America,1,19-03-03,3,19,2003,02-05-03,5,2,2003,-8,-8,-8,-8,-8,-8,-8,6,1,4,482,140,4
227,Invasion of Iraq,1,645,Iraq,2,19-03-03,3,19,2003,02-05-03,5,2,2003,-8,-8,-8,-8,-8,-8,-8,6,2,4,482,7000,4
